Professional & Technical Services_Labor Force,Information & Culture_Labor Force,Professional & Technical Services_Employment,Information & Culture_Employment,Professional & Technical Services_Unemployment,Information & Culture_Unemployment,Professional & Technical Services_Unemployment Rate,Information & Culture_Unemployment Rate
1,0.7111121158384396,0.9981716587366918,0.5582855634348604,0.40175355337625307,0.1621762419935614,-0.12889730263392657,0.06932743298249708
0.7111121158384396,1,0.7157986661143093,0.9064336467704286,0.19467475900726108,-0.058831671735534316,-0.20283278341420288,-0.21244452061174576
0.9981716587366918,0.7157986661143093,1,0.5803366239913764,0.34566902048287146,0.11982308839978303,-0.18831860065955888,0.02681241072952781
0.5582855634348604,0.9064336467704286,0.5803366239913764,1,-0.12564553217412894,-0.47494265619818454,-0.463786477763468,-0.6044103682467619
0.40175355337625307,0.19467475900726108,0.34566902048287146,-0.12564553217412894,1,0.7025992982762287,0.8521116562517211,0.6703903188332307
0.1621762419935614,-0.058831671735534316,0.11982308839978303,-0.47494265619818454,0.7025992982762287,1,0.6735319187059087,0.9859433047162834
-0.12889730263392657,-0.20283278341420288,-0.18831860065955888,-0.463786477763468,0.8521116562517211,0.6735319187059087,1,0.6942380708352686
0.06932743298249708,-0.21244452061174576,0.02681241072952781,-0.6044103682467619,0.6703903188332307,0.9859433047162834,0.6942380708352686,1
