tech_sector,avg_growth_rate,median_growth_rate,min_growth_rate,max_growth_rate,sd_growth_rate,cv_growth_rate,years_positive_growth,years_negative_growth
Information & Culture,0.9792253117604399,0.6619897429048227,-12.932610578310932,12.98565172831454,5.50402226813674,5.620792479558839,9,5
Professional & Technical Services,3.321857593278537,2.6419445700613164,0.49785137826225956,8.521800139257252,2.44528870915519,0.7361208722803166,14,0
