tech_sector,labor_type,min_value,max_value,mean_value,median_value,sd_value,records
Information & Culture,Employment,582100,867300,768769.9421965318,763400,50533.94114409423,173
Information & Culture,Labor Force,698500,933500,823869.9421965318,813500,44551.30460983718,173
Information & Culture,Unemployment,36500,201500,55096.53179190752,49800,21383.605695783917,173
Information & Culture,Unemployment Rate,4.3,23.7,6.716184971098266,6,2.720779943411538,173
Professional & Technical Services,Employment,1258700,2019000,1536974.5664739884,1459100,241711.70012492547,173
Professional & Technical Services,Labor Force,1299800,2099200,1588802.3121387283,1500700,247676.32242969322,173
Professional & Technical Services,Unemployment,25800,120900,51833.526011560694,46900,15948.938425912982,173
Professional & Technical Services,Unemployment Rate,1.4,7.5,3.2797687861271676,3.2,0.8741746630840824,173
