sector,regime_label,count,avg_growth,duration
Information & Culture,High Growth,19,14.183806168233856,1.5833333333333333
Information & Culture,Low Growth,10,-17.886818918489563,0.8333333333333334
Information & Culture,Moderate Growth,132,0.682139466783926,11
Professional & Technical Services,High Growth,28,8.0406513544744591,2.3333333333333335
Professional & Technical Services,Low Growth,59,0.5504160030745026,4.916666666666667
Professional & Technical Services,Moderate Growth,74,4.01293610011613,6.166666666666667
